environment,alpha,budget_per_group,budget_unit,budget_value,total_budget,method,replications,truth,mse,mse_se,bias,estimate_sd,mean_design_constant,pilot_fraction
controlled_untied_v1,0.1,595.2380952380952,total,12500,12500,learned_occupancy,400,0.9086716125743334,0.0008560876871805717,5.868608263092319e-05,0.00027719279136134977,0.029294303916322085,9.852354953799232,0.17304
controlled_untied_v1,0.1,595.2380952380952,total,12500,12500,oracle_tail,400,0.9086716125743334,0.0006372842220253239,4.4021419476215296e-05,-8.293365148371784e-05,0.02527596744658208,7.573380705644565,0.0
controlled_untied_v1,0.1,595.2380952380952,total,12500,12500,tail_anchored,400,0.9086716125743334,0.0007959184630059832,5.614339584939498e-05,0.0005426565971990005,0.028242132212410197,9.47614992790151,0.17304
controlled_untied_v1,0.1,595.2380952380952,total,12500,12500,tis,400,0.9086716125743334,0.000806213466389394,5.519860616647394e-05,0.0005897922548838419,0.028423323605754953,9.43571417109403,0.17304
controlled_untied_v1,0.1,595.2380952380952,total,12500,12500,uniform,400,0.9086716125743334,0.0011042247776144772,7.47868339052771e-05,-0.0002145739687551487,0.03327079952268365,12.977171490179044,0.0
controlled_untied_v1,0.1,1190.4761904761904,total,25000,25000,learned_occupancy,400,0.9086716125743334,0.0004355596891524649,2.694360127208519e-05,0.0004980254625081043,0.020890252905537112,9.376163094154133,0.13692
controlled_untied_v1,0.1,1190.4761904761904,total,25000,25000,oracle_tail,400,0.9086716125743334,0.00034221250940791315,2.1771248878373204e-05,0.0007600211305088847,0.01850651520550864,7.562033479266119,0.0
controlled_untied_v1,0.1,1190.4761904761904,total,25000,25000,tail_anchored,400,0.9086716125743334,0.00042335990390956384,2.6440203474192598e-05,0.0004012341203069572,0.02059756208875861,8.998410733360968,0.13692
controlled_untied_v1,0.1,1190.4761904761904,total,25000,25000,tis,400,0.9086716125743334,0.00042115374726255995,2.6885413481879152e-05,0.00032908639009645164,0.020545089465936174,8.918838166780818,0.13692
controlled_untied_v1,0.1,1190.4761904761904,total,25000,25000,uniform,400,0.9086716125743334,0.000559454119230529,3.905359394864029e-05,0.000233443053028278,0.02368125055060698,12.981944642977815,0.0
controlled_untied_v1,0.1,2380.9523809523807,total,50000,50000,learned_occupancy,400,0.9086716125743334,0.00017266971588835312,1.1459147053300253e-05,0.001408862213298797,0.013081001668983603,9.053671098779096,0.10878
controlled_untied_v1,0.1,2380.9523809523807,total,50000,50000,oracle_tail,400,0.9086716125743334,0.0001412547975934059,9.680312068607557e-06,0.0011731467444424572,0.01184183672628702,7.553951909263319,0.0
controlled_untied_v1,0.1,2380.9523809523807,total,50000,50000,tail_anchored,400,0.9086716125743334,0.00016720642717097878,1.1494282446773034e-05,0.0013234860968954578,0.012879032783400038,8.679977899713048,0.10878
controlled_untied_v1,0.1,2380.9523809523807,total,50000,50000,tis,400,0.9086716125743334,0.0001722537769530373,1.1945527058929004e-05,0.0014648089138005029,0.013058883869568836,8.576967762318205,0.10878
controlled_untied_v1,0.1,2380.9523809523807,total,50000,50000,uniform,400,0.9086716125743334,0.00025681554237178727,1.6715255077033438e-05,0.001820171286813842,0.015941702026986918,12.984703830656313,0.0
controlled_untied_v1,0.1,4761.9047619047615,total,100000,100000,learned_occupancy,400,0.9086716125743334,9.450686360139526e-05,6.460174892638769e-06,-3.966948448846125e-05,0.009733557689593116,8.809360828612057,0.08631
controlled_untied_v1,0.1,4761.9047619047615,total,100000,100000,oracle_tail,400,0.9086716125743334,8.302211176786888e-05,5.78141232691992e-06,-6.527482934919449e-05,0.009122823891422386,7.548384826813431,0.0
controlled_untied_v1,0.1,4761.9047619047615,total,100000,100000,tail_anchored,400,0.9086716125743334,9.111134339443191e-05,6.457329390467422e-06,-0.00020155652376914801,0.009555049229417896,8.439117313681864,0.08631
controlled_untied_v1,0.1,4761.9047619047615,total,100000,100000,tis,400,0.9086716125743334,9.211453085085277e-05,6.586919494041577e-06,-0.00017330359266716776,0.009608084352665795,8.32571511087167,0.08631
controlled_untied_v1,0.1,4761.9047619047615,total,100000,100000,uniform,400,0.9086716125743334,0.00014985978913272985,1.1012247738574061e-05,-0.0008012314232810907,0.012230772536154644,12.984342196050138,0.0
inventory_untied_v1,0.1,150.0,per_group,150,6150,learned_occupancy,300,1.1512371171695401,0.0015173361876150684,0.00013712375009685204,-0.0008370996766382444,0.03900907344601805,8.44143190070708,0.22
inventory_untied_v1,0.1,150.0,per_group,150,6150,oracle_tail,300,1.1512371171695401,0.0007306440556606982,5.794426889498288e-05,-2.0565486376470746e-06,0.027075591905282092,4.240253437087007,0.0
inventory_untied_v1,0.1,150.0,per_group,150,6150,tail_anchored,300,1.1512371171695401,0.0010121593287688586,9.105338544786756e-05,0.00022725206298759737,0.031866795584192996,6.431482497999206,0.22
inventory_untied_v1,0.1,150.0,per_group,150,6150,tis,300,1.1512371171695401,0.0010069269879380708,8.62107704045912e-05,0.00047333723586395537,0.03178159592064922,5.746072316151833,0.22
inventory_untied_v1,0.1,150.0,per_group,150,6150,uniform,300,1.1512371171695401,0.0012323211211328858,9.959634522903602e-05,0.0008861090551991587,0.0351518816160055,7.541326392605826,0.0
inventory_untied_v1,0.1,300.0,per_group,300,12300,learned_occupancy,300,1.1512371171695401,0.0006339318729820078,4.694190781278825e-05,-0.0030804124672995656,0.025030608660458562,7.878503432285491,0.17333333333333334
inventory_untied_v1,0.1,300.0,per_group,300,12300,oracle_tail,300,1.1512371171695401,0.0003290923917315792,2.5588546175454665e-05,-0.0018781564963140066,0.01807356538685461,4.211059254470473,0.0
inventory_untied_v1,0.1,300.0,per_group,300,12300,tail_anchored,300,1.1512371171695401,0.00045636191321773154,3.5016277030597855e-05,-0.002411369535144808,0.021261562902089432,5.941635058630285,0.17333333333333334
inventory_untied_v1,0.1,300.0,per_group,300,12300,tis,300,1.1512371171695401,0.0004141654998169685,3.331336817932237e-05,-0.0018771008511858829,0.02029816190695063,5.274580520882603,0.17333333333333334
inventory_untied_v1,0.1,300.0,per_group,300,12300,uniform,300,1.1512371171695401,0.000583198234173994,4.851584127297531e-05,-0.0026487623847718583,0.024043904073172993,7.541326392605826,0.0
inventory_untied_v1,0.1,600.0,per_group,600,24600,learned_occupancy,300,1.1512371171695401,0.000310886351178582,2.536323748394885e-05,-0.0008478263901286683,0.017641000289898835,7.516855416001593,0.13833333333333334
inventory_untied_v1,0.1,600.0,per_group,600,24600,oracle_tail,300,1.1512371171695401,0.00015011138344878176,1.0790452845900955e-05,0.0008795429212868926,0.0122408024729728,4.191076329773568,0.0
inventory_untied_v1,0.1,600.0,per_group,600,24600,tail_anchored,300,1.1512371171695401,0.0002168613471054646,1.70914954412423e-05,-0.00025209917548720597,0.014748656526691654,5.618811021256274,0.13833333333333334
inventory_untied_v1,0.1,600.0,per_group,600,24600,tis,300,1.1512371171695401,0.00017428504167937646,1.321181302415421e-05,7.9580273889861e-05,0.013223523758616677,4.969149256215622,0.13833333333333334
inventory_untied_v1,0.1,600.0,per_group,600,24600,uniform,300,1.1512371171695401,0.0003031991832307315,2.334177721494269e-05,-0.0007198844022384103,0.017426797197036353,7.541326392605826,0.0
inventory_untied_v1,0.1,1200.0,per_group,1200,49200,learned_occupancy,300,1.1512371171695401,0.0001614985563296054,1.175155683858753e-05,5.8271361728533166e-05,0.012729307851277029,7.2636936746449585,0.10916666666666666
inventory_untied_v1,0.1,1200.0,per_group,1200,49200,oracle_tail,300,1.1512371171695401,0.00010013074410418307,8.206948674488867e-06,0.0004706156069658392,0.010012163090653425,4.176565583864304,0.0
inventory_untied_v1,0.1,1200.0,per_group,1200,49200,tail_anchored,300,1.1512371171695401,0.00013723386793846172,1.0533584535972025e-05,0.00035788147473327184,0.011728782399596934,5.388609275556894,0.10916666666666666
inventory_untied_v1,0.1,1200.0,per_group,1200,49200,tis,300,1.1512371171695401,0.0001155567848726207,9.418767133831504e-06,0.00015629577507025722,0.010766557125862664,4.754394926059494,0.10916666666666666
inventory_untied_v1,0.1,1200.0,per_group,1200,49200,uniform,300,1.1512371171695401,0.0001759226809896722,1.3057539841764162e-05,0.000359686488264237,0.013280860066282088,7.541326392605826,0.0
