environment,alpha,budget_per_group,budget_unit,budget_value,total_budget,comparison,replications,mean_difference,se,ci95_low,ci95_high
cliffwalking_primary,0.1,50.0,per_group,50,7450,learned_mean-minus-tis,500,-0.0021475060810937493,0.003617045720835009,-0.009236915693930366,0.004941903531742869
cliffwalking_primary,0.1,50.0,per_group,50,7450,mc_ucb_frozen-minus-tis,500,1.8338659933558124,0.13275596852670848,1.5736642950434638,2.094067691668161
cliffwalking_primary,0.1,50.0,per_group,50,7450,mean_influence-minus-tis,500,-0.010378055278621153,0.003545213753513706,-0.017326674235508016,-0.0034294363217342895
cliffwalking_primary,0.1,50.0,per_group,50,7450,occupancy-minus-tis,500,-0.0032911410313900286,0.003710136503885567,-0.01056300857900574,0.003980726516225682
cliffwalking_primary,0.1,50.0,per_group,50,7450,oracle_no_cov-minus-tis,500,-0.013357811773906119,0.0035748754639604976,-0.02036456768326869,-0.006351055864543544
cliffwalking_primary,0.1,50.0,per_group,50,7450,oracle_tail-minus-tis,500,-0.01327206568047104,0.0035862012280942442,-0.02030102008753576,-0.006243111273406322
cliffwalking_primary,0.1,50.0,per_group,50,7450,tail_no_cov-minus-tis,500,0.00041864455988809723,0.0005756285550374121,-0.0007095874079852305,0.0015468765277614248
cliffwalking_primary,0.1,50.0,per_group,50,7450,uniform-minus-tis,500,1.6535654329716893,0.10341141722014664,1.450879055220202,1.8562518107231767
cliffwalking_primary,0.1,100.0,per_group,100,14900,learned_mean-minus-tis,500,0.0006118500823192731,0.0007387811421849988,-0.0008361609563633245,0.0020598611210018705
cliffwalking_primary,0.1,100.0,per_group,100,14900,mc_ucb_frozen-minus-tis,500,0.8299749631143861,0.04825397352647953,0.7353971750024862,0.924552751226286
cliffwalking_primary,0.1,100.0,per_group,100,14900,mean_influence-minus-tis,500,-0.0010244316284406172,0.0006397145089472738,-0.0022782720659772736,0.00022940880909603947
cliffwalking_primary,0.1,100.0,per_group,100,14900,occupancy-minus-tis,500,0.0017194084580432487,0.0008140526505627494,0.00012386526294025997,0.0033149516531462376
cliffwalking_primary,0.1,100.0,per_group,100,14900,oracle_no_cov-minus-tis,500,-0.0032929319227526566,0.0005658262235374666,-0.0044019513208860914,-0.002183912524619222
cliffwalking_primary,0.1,100.0,per_group,100,14900,oracle_tail-minus-tis,500,-0.0031237662705356425,0.0005746549047226114,-0.004250089883791961,-0.001997442657279324
cliffwalking_primary,0.1,100.0,per_group,100,14900,tail_no_cov-minus-tis,500,6.62264100650676e-05,0.0001952353940779033,-0.00031643496232762285,0.000448887782457758
cliffwalking_primary,0.1,100.0,per_group,100,14900,uniform-minus-tis,500,0.8076648985092979,0.04800889690286943,0.7135674605796738,0.901762336438922
cliffwalking_primary,0.1,200.0,per_group,200,29800,learned_mean-minus-tis,500,0.0010436252419560054,0.0003095925984662181,0.0004368237489622179,0.0016504267349497928
cliffwalking_primary,0.1,200.0,per_group,200,29800,mc_ucb_frozen-minus-tis,500,0.3476494900176684,0.022177229707598577,0.3041821197907752,0.39111686024456166
cliffwalking_primary,0.1,200.0,per_group,200,29800,mean_influence-minus-tis,500,6.554798418906263e-05,0.00023471073356744622,-0.0003944850536031319,0.0005255810219812572
cliffwalking_primary,0.1,200.0,per_group,200,29800,occupancy-minus-tis,500,0.0014219375947791043,0.00032590461354681314,0.0007831645522273506,0.002060710637330858
cliffwalking_primary,0.1,200.0,per_group,200,29800,oracle_no_cov-minus-tis,500,-0.0008894492096133735,0.00019756020374561164,-0.0012766672089547723,-0.0005022312102719746
cliffwalking_primary,0.1,200.0,per_group,200,29800,oracle_tail-minus-tis,500,-0.0008709969231206563,0.0001929596500797736,-0.0012491978372770125,-0.0004927960089643
cliffwalking_primary,0.1,200.0,per_group,200,29800,tail_no_cov-minus-tis,500,-6.335439339785352e-05,6.510282572169515e-05,-0.00019095593181237602,6.424714501666897e-05
cliffwalking_primary,0.1,200.0,per_group,200,29800,uniform-minus-tis,500,0.359312005189408,0.022865874878621135,0.31449489042731055,0.4041291199515054
cliffwalking_primary,0.1,400.0,per_group,400,59600,learned_mean-minus-tis,500,0.00042284805224174606,0.000109680311257892,0.00020787464217627774,0.0006378214623072144
cliffwalking_primary,0.1,400.0,per_group,400,59600,mc_ucb_frozen-minus-tis,500,0.1694315133869846,0.011137783982434582,0.14760145678141282,0.19126156999255636
cliffwalking_primary,0.1,400.0,per_group,400,59600,mean_influence-minus-tis,500,0.0002792555831981666,0.00010061286413513761,8.205436949329688e-05,0.0004764567969030363
cliffwalking_primary,0.1,400.0,per_group,400,59600,occupancy-minus-tis,500,0.0008566910553734045,0.00013813530082492072,0.0005859458657565598,0.0011274362449902491
cliffwalking_primary,0.1,400.0,per_group,400,59600,oracle_no_cov-minus-tis,500,-0.00022907310101733257,5.800145098207007e-05,-0.0003427559449421899,-0.00011539025709247523
cliffwalking_primary,0.1,400.0,per_group,400,59600,oracle_tail-minus-tis,500,-0.00021072373188540822,5.8981418491367336e-05,-0.0003263273121284882,-9.512015164232824e-05
cliffwalking_primary,0.1,400.0,per_group,400,59600,tail_no_cov-minus-tis,500,-8.961560416148164e-06,2.9820390175525795e-05,-6.740952516017872e-05,4.9486404327882394e-05
cliffwalking_primary,0.1,400.0,per_group,400,59600,uniform-minus-tis,500,0.21499284516442432,0.013914780260507737,0.18771987585382915,0.2422658144750195
frozenlake_8x8,0.2,50.0,per_group,50,2500,learned_mean-minus-tis,300,-0.0041645767012907665,0.002441790718791132,-0.008950486510121387,0.0006213331075398528
frozenlake_8x8,0.2,50.0,per_group,50,2500,mc_ucb_frozen-minus-tis,300,0.025943157988414896,0.0038033503344269584,0.018488591332938058,0.033397724643891735
frozenlake_8x8,0.2,50.0,per_group,50,2500,mean_influence-minus-tis,300,-0.024183590239437763,0.0029716005695228404,-0.03000792735570253,-0.018359253123172995
frozenlake_8x8,0.2,50.0,per_group,50,2500,occupancy-minus-tis,300,-0.01509578046271234,0.0034116800326568467,-0.021782673326719758,-0.008408887598704921
frozenlake_8x8,0.2,50.0,per_group,50,2500,oracle_no_cov-minus-tis,300,-0.024753401676247996,0.0030579926617294068,-0.03074706729323763,-0.01875973605925836
frozenlake_8x8,0.2,50.0,per_group,50,2500,oracle_tail-minus-tis,300,-0.024183590239437763,0.0029716005695228404,-0.03000792735570253,-0.018359253123172995
frozenlake_8x8,0.2,50.0,per_group,50,2500,tail_no_cov-minus-tis,300,3.939520423077806e-05,0.0011735788440803815,-0.0022608193301667696,0.0023396097386283255
frozenlake_8x8,0.2,50.0,per_group,50,2500,uniform-minus-tis,300,0.004427514110533027,0.0033429657860663173,-0.002124698830156955,0.010979727051223008
frozenlake_8x8,0.2,100.0,per_group,100,5000,learned_mean-minus-tis,300,-0.0068494379485785385,0.0019430222471466072,-0.010657761552985888,-0.0030411143441711887
frozenlake_8x8,0.2,100.0,per_group,100,5000,mc_ucb_frozen-minus-tis,300,0.03442233663855772,0.0032984483244070536,0.027957377922719892,0.040887295354395545
frozenlake_8x8,0.2,100.0,per_group,100,5000,mean_influence-minus-tis,300,-0.018215156308748367,0.0022954364085228684,-0.02271421166945319,-0.013716100948043545
frozenlake_8x8,0.2,100.0,per_group,100,5000,occupancy-minus-tis,300,-0.005652377362990626,0.0026178126742044832,-0.010783290204431414,-0.000521464521549839
frozenlake_8x8,0.2,100.0,per_group,100,5000,oracle_no_cov-minus-tis,300,-0.016601371781863196,0.0023350628890627576,-0.0211780950444262,-0.012024648519300192
frozenlake_8x8,0.2,100.0,per_group,100,5000,oracle_tail-minus-tis,300,-0.018215156308748367,0.0022954364085228684,-0.02271421166945319,-0.013716100948043545
frozenlake_8x8,0.2,100.0,per_group,100,5000,tail_no_cov-minus-tis,300,0.0005987118316688251,0.0009426073937653124,-0.0012487986601111872,0.0024462223234488372
frozenlake_8x8,0.2,100.0,per_group,100,5000,uniform-minus-tis,300,0.005556506770939467,0.002453808411100823,0.0007470422851818537,0.01036597125669708
frozenlake_8x8,0.2,200.0,per_group,200,10000,learned_mean-minus-tis,300,-0.006790787606246407,0.0013068552693651903,-0.00935222393420218,-0.004229351278290634
frozenlake_8x8,0.2,200.0,per_group,200,10000,mc_ucb_frozen-minus-tis,300,0.031159612072830287,0.002603600220202875,0.026056555641232652,0.03626266850442792
frozenlake_8x8,0.2,200.0,per_group,200,10000,mean_influence-minus-tis,300,-0.011815484445914359,0.0013657495490107107,-0.014492353561975351,-0.009138615329853366
frozenlake_8x8,0.2,200.0,per_group,200,10000,occupancy-minus-tis,300,-0.0002287159613804061,0.0018061817514686883,-0.0037688321942590352,0.0033114002714982227
frozenlake_8x8,0.2,200.0,per_group,200,10000,oracle_no_cov-minus-tis,300,-0.011362887783046576,0.0014304768900287408,-0.014166622487502908,-0.008559153078590244
frozenlake_8x8,0.2,200.0,per_group,200,10000,oracle_tail-minus-tis,300,-0.011815484445914359,0.0013657495490107107,-0.014492353561975351,-0.009138615329853366
frozenlake_8x8,0.2,200.0,per_group,200,10000,tail_no_cov-minus-tis,300,2.0650123601987322e-05,0.0005801615843603856,-0.0011164665817443686,0.001157766828948343
frozenlake_8x8,0.2,200.0,per_group,200,10000,uniform-minus-tis,300,0.006696505562698026,0.0017265013326519599,0.003312562950700185,0.010080448174695868
frozenlake_8x8,0.2,400.0,per_group,400,20000,learned_mean-minus-tis,300,-0.002142904196498181,0.000650615792100743,-0.0034181111490156372,-0.0008676972439807249
frozenlake_8x8,0.2,400.0,per_group,400,20000,mc_ucb_frozen-minus-tis,300,0.029290905087195316,0.0023421007751208882,0.024700387567958376,0.03388142260643226
frozenlake_8x8,0.2,400.0,per_group,400,20000,mean_influence-minus-tis,300,-0.0033577584151864817,0.0007011954163031537,-0.004732101431140663,-0.0019834153992323005
frozenlake_8x8,0.2,400.0,per_group,400,20000,occupancy-minus-tis,300,0.0006130373715852427,0.0008681379016679909,-0.0010885129156840193,0.0023145876588545047
frozenlake_8x8,0.2,400.0,per_group,400,20000,oracle_no_cov-minus-tis,300,-0.003157468719188706,0.0007245129275530367,-0.004577514057192658,-0.001737423381184754
frozenlake_8x8,0.2,400.0,per_group,400,20000,oracle_tail-minus-tis,300,-0.0033577584151864817,0.0007011954163031537,-0.004732101431140663,-0.0019834153992323005
frozenlake_8x8,0.2,400.0,per_group,400,20000,tail_no_cov-minus-tis,300,0.0002947883571750627,0.00021689823676949706,-0.00013033218689315155,0.0007199089012432768
frozenlake_8x8,0.2,400.0,per_group,400,20000,uniform-minus-tis,300,0.006725555836281266,0.0011222796951035482,0.004525887633878312,0.00892522403868422
rainy_taxi,0.1,50.0,per_group,50,1850,learned_mean-minus-tis,300,-0.0006570205014776065,0.0002750638455553704,-0.0011961456387661325,-0.00011789536418908061
rainy_taxi,0.1,50.0,per_group,50,1850,mc_ucb_frozen-minus-tis,300,0.0008966206508212252,0.0009198430758386718,-0.0009062717778225714,0.002699513079465022
rainy_taxi,0.1,50.0,per_group,50,1850,mean_influence-minus-tis,300,-0.00357093050051704,0.0006871447398004857,-0.0049177341905259925,-0.002224126810508088
rainy_taxi,0.1,50.0,per_group,50,1850,occupancy-minus-tis,300,-0.0029157493708112762,0.0006722196740260505,-0.004233299931902335,-0.0015981988097202172
rainy_taxi,0.1,50.0,per_group,50,1850,oracle_no_cov-minus-tis,300,-0.003471587787729845,0.0006765953901689976,-0.00479771475246108,-0.0021454608229986094
rainy_taxi,0.1,50.0,per_group,50,1850,oracle_tail-minus-tis,300,-0.0035994110928716915,0.0006818499002227168,-0.004935836897308216,-0.0022629852884351667
rainy_taxi,0.1,50.0,per_group,50,1850,tail_no_cov-minus-tis,300,-5.4696906461682014e-05,0.00020830092454960462,-0.00046296671857890703,0.00035357290565554304
rainy_taxi,0.1,50.0,per_group,50,1850,uniform-minus-tis,300,-0.0017369943170926546,0.0007058041236245373,-0.003120370399396748,-0.0003536182347885614
rainy_taxi,0.1,100.0,per_group,100,3700,learned_mean-minus-tis,300,-5.7231138754772376e-05,6.110173373113597e-05,-0.00017699053686779889,6.252825935825412e-05
rainy_taxi,0.1,100.0,per_group,100,3700,mc_ucb_frozen-minus-tis,300,0.00029184924027632705,0.00022653496870355552,-0.00015215929838264175,0.0007358577789352958
rainy_taxi,0.1,100.0,per_group,100,3700,mean_influence-minus-tis,300,-0.000759866371199782,0.00014862773395333843,-0.0010511767297483252,-0.00046855601265123864
rainy_taxi,0.1,100.0,per_group,100,3700,occupancy-minus-tis,300,-0.0005672012075795701,0.00015322124489218706,-0.0008675148475682567,-0.00026688756759088347
rainy_taxi,0.1,100.0,per_group,100,3700,oracle_no_cov-minus-tis,300,-0.0007885758977267726,0.00014659928709638556,-0.0010759105004356883,-0.0005012412950178569
rainy_taxi,0.1,100.0,per_group,100,3700,oracle_tail-minus-tis,300,-0.0008146657923709934,0.00014564306761137813,-0.0011001262048892944,-0.0005292053798526923
rainy_taxi,0.1,100.0,per_group,100,3700,tail_no_cov-minus-tis,300,9.512919120369394e-05,5.6165076440974314e-05,-1.4954358620615713e-05,0.00020521274102800358
rainy_taxi,0.1,100.0,per_group,100,3700,uniform-minus-tis,300,0.00020401910849918766,0.0001739365128582912,-0.00013689645670306307,0.0005449346737014383
rainy_taxi,0.1,200.0,per_group,200,7400,learned_mean-minus-tis,300,-3.751734238942998e-05,1.8935181597778675e-05,-7.463029832107618e-05,-4.0438645778377504e-07
rainy_taxi,0.1,200.0,per_group,200,7400,mc_ucb_frozen-minus-tis,300,0.00025388933060078035,7.990184781411852e-05,9.728170888510806e-05,0.00041049695231645263
rainy_taxi,0.1,200.0,per_group,200,7400,mean_influence-minus-tis,300,-0.00018345563740436555,3.674659288784163e-05,-0.0002554789594645351,-0.00011143231534419596
rainy_taxi,0.1,200.0,per_group,200,7400,occupancy-minus-tis,300,-6.593305100377012e-05,3.818167715401851e-05,-0.0001407691382256464,8.90303621810617e-06
rainy_taxi,0.1,200.0,per_group,200,7400,oracle_no_cov-minus-tis,300,-0.00021326205944558664,3.778193611178543e-05,-0.0002873146542246861,-0.0001392094646664872
rainy_taxi,0.1,200.0,per_group,200,7400,oracle_tail-minus-tis,300,-0.00021174699365036909,3.5962584716822675e-05,-0.00028223365969534155,-0.00014126032760539663
rainy_taxi,0.1,200.0,per_group,200,7400,tail_no_cov-minus-tis,300,1.8443290137675732e-05,2.461432318731874e-05,-2.9800783309468998e-05,6.668736358482046e-05
rainy_taxi,0.1,200.0,per_group,200,7400,uniform-minus-tis,300,0.00018970820749239004,5.83602219062498e-05,7.532217255614043e-05,0.00030409424242863964
rainy_taxi,0.1,400.0,per_group,400,14800,learned_mean-minus-tis,300,3.117533218697863e-06,8.767159447251657e-06,-1.4066099297915385e-05,2.030116573531111e-05
rainy_taxi,0.1,400.0,per_group,400,14800,mc_ucb_frozen-minus-tis,300,0.00016826229822390523,3.542833769948693e-05,9.882275633291085e-05,0.00023770184011489962
rainy_taxi,0.1,400.0,per_group,400,14800,mean_influence-minus-tis,300,-3.784491461867054e-05,1.0899198882449941e-05,-5.920734442827242e-05,-1.6482484809068656e-05
rainy_taxi,0.1,400.0,per_group,400,14800,occupancy-minus-tis,300,2.1603298891936784e-05,1.2627671957025427e-05,-3.1469381438330513e-06,4.635353592770662e-05
rainy_taxi,0.1,400.0,per_group,400,14800,oracle_no_cov-minus-tis,300,-3.341357886554821e-05,1.1973693402078254e-05,-5.688201793362158e-05,-9.945139797474832e-06
rainy_taxi,0.1,400.0,per_group,400,14800,oracle_tail-minus-tis,300,-4.401404074703306e-05,1.0970221265529214e-05,-6.551567442747032e-05,-2.2512407066595804e-05
rainy_taxi,0.1,400.0,per_group,400,14800,tail_no_cov-minus-tis,300,2.4130822348680296e-06,9.80366159308627e-06,-1.6802094487581058e-05,2.1628258957317117e-05
rainy_taxi,0.1,400.0,per_group,400,14800,uniform-minus-tis,300,0.00013587926449437802,2.887744133642247e-05,7.927947947498998e-05,0.00019247904951376606
