horizon,alpha,budget_per_shared_group,panel_index,method,replications,mse,mse_se,bias,normalized_to_uniform
6,0.1,400,0,learned_occupancy,300,5.432751697044393e-06,4.987555494613098e-07,-9.235076736890946e-06,0.025604371335601072
6,0.1,400,0,tis,300,4.999794973118103e-06,4.658682884932203e-07,-8.681339939649332e-05,0.023563861231359607
6,0.1,400,0,uniform,300,0.00021218063219894547,1.9152958886405725e-05,-7.560519868660206e-05,1.0
6,0.1,400,1,learned_occupancy,300,7.523044936683e-06,7.005740448598412e-07,3.139174480548235e-05,0.12181368113594834
6,0.1,400,1,tis,300,5.302306400124174e-06,4.282817597536066e-07,0.00012786307101835407,0.0858553240803326
6,0.1,400,1,uniform,300,6.175862076023315e-05,4.368421853339468e-06,-0.0004933819876729088,1.0
6,0.1,400,2,learned_occupancy,300,0.000337550395419862,2.649019928010595e-05,-0.0011612850605846174,0.12560171201050532
6,0.1,400,2,tis,300,0.0004252030892723972,4.015067965788587e-05,-0.0009907156534410537,0.1582170742189162
6,0.1,400,2,uniform,300,0.0026874665163133227,0.00023403103232243693,0.0018779563775390437,1.0
6,0.1,400,3,learned_occupancy,300,1.0922992811350961e-05,8.53689272227496e-07,-0.0002956605666178251,0.07924006983371501
6,0.1,400,3,tis,300,1.6601275247364193e-05,2.9645168381814773e-06,-0.00014560640059247434,0.1204327634970917
6,0.1,400,3,uniform,300,0.00013784683474248345,1.0144677704987321e-05,0.0006998274394103188,1.0
6,0.1,400,4,learned_occupancy,300,1.1869325696379557e-05,9.80163229585032e-07,5.241749319022289e-05,0.31357159990846784
6,0.1,400,4,tis,300,6.480537756174504e-06,6.046642163828053e-07,0.00014014047157106784,0.17120707986728487
6,0.1,400,4,uniform,300,3.785204304166652e-05,3.2804225319506556e-06,-0.00012966916046914468,1.0
6,0.1,400,5,learned_occupancy,300,0.0006212170439808161,4.940870290939574e-05,-0.0008716756777362167,0.15552897981780103
6,0.1,400,5,tis,300,0.0033083914007823747,0.0006437210139346988,-0.0020720472937637733,0.8282946264712568
6,0.1,400,5,uniform,300,0.003994220528602187,0.0003287957780104292,-0.0016257084684383383,1.0
6,0.1,400,6,learned_occupancy,300,1.8943451954933033e-07,1.5341134280453854e-08,2.5305097530718967e-05,0.07480284421316398
6,0.1,400,6,tis,300,1.0582859813230546e-07,7.919124438112689e-09,1.5817872486530624e-06,0.041789005289117415
6,0.1,400,6,uniform,300,2.532450758282707e-06,2.147009401635707e-07,0.00020183038626407247,1.0
6,0.1,400,7,learned_occupancy,300,2.4347968828928586e-06,1.857337293731158e-07,2.3573460194914463e-05,0.29570837165495323
6,0.1,400,7,tis,300,1.2737244207725132e-06,1.2860983599499568e-07,1.3229537872030776e-05,0.15469502899817972
6,0.1,400,7,uniform,300,8.233777316706803e-06,6.484833719919701e-07,7.3475493024134e-05,1.0
6,0.1,400,8,learned_occupancy,300,0.000614798287568256,4.9740964419585216e-05,-0.001363753292896009,0.3688179964385078
6,0.1,400,8,tis,300,0.00025464198564537375,3.030283955952705e-05,-0.0013946268495584624,0.15275993582598135
6,0.1,400,8,uniform,300,0.0016669422140596654,0.00016410398946050932,0.0008496010453211644,1.0
6,0.1,400,9,learned_occupancy,300,0.00014683679939228085,1.1567610876622236e-05,8.367791796772014e-05,0.14042194089068447
6,0.1,400,9,tis,300,9.563862432968498e-05,1.4042770511266217e-05,0.00021191351266277062,0.09146046023933833
6,0.1,400,9,uniform,300,0.001045682736336697,8.870403391470837e-05,0.001997220587837954,1.0
6,0.1,400,10,learned_occupancy,300,5.628219914446469e-06,4.472272932174271e-07,-0.0001635132228171998,0.053574040817514997
6,0.1,400,10,tis,300,2.6446474595016035e-05,4.675127341268124e-06,0.0007945623955643812,0.2517393653712815
6,0.1,400,10,uniform,300,0.00010505498238629093,6.777038974917734e-06,0.0004853838703496734,1.0
6,0.1,400,11,learned_occupancy,300,8.677563978565006e-06,8.023798413574862e-07,0.0005071292417145276,0.061500288895643504
6,0.1,400,11,tis,300,7.620372914728577e-06,7.278528280228607e-07,0.00018146779344769558,0.05400768428858592
6,0.1,400,11,uniform,300,0.00014109793847130527,1.3124658601067957e-05,0.0029331890798388943,1.0
6,0.1,400,12,learned_occupancy,300,7.250714703429911e-06,5.525802913830486e-07,-0.00017701550265828203,0.13385106425684606
6,0.1,400,12,tis,300,3.515235461695253e-06,5.667097772894931e-07,-0.00010724202360103222,0.06489263843724802
6,0.1,400,12,uniform,300,5.417001907072293e-05,6.039422170752268e-06,-0.0005444586882833698,1.0
6,0.1,400,13,learned_occupancy,300,5.0787470525480334e-05,3.887102924381597e-06,-0.00013086153985739793,0.142898516964126
6,0.1,400,13,tis,300,0.0003510959060640395,3.0309560456129688e-05,-0.0010619657004690127,0.9878634192572406
6,0.1,400,13,uniform,300,0.0003554093604640438,2.716070291491643e-05,-0.001188613085472969,1.0
6,0.1,400,14,learned_occupancy,300,3.411094617062318e-06,2.8920671674403584e-07,-9.08141002907925e-05,0.023145447357990703
6,0.1,400,14,tis,300,0.00017948812533134282,4.656912212129469e-05,-0.0004550753575782126,1.2178885145727216
6,0.1,400,14,uniform,300,0.00014737648248067567,3.6518672770717085e-05,-0.0002741506763994768,1.0
6,0.1,400,15,learned_occupancy,300,0.00012243007806639076,1.4754226165449839e-05,0.0037154394441700506,0.10012264646945407
6,0.1,400,15,tis,300,0.000631740155652745,0.00012333101088402856,0.009301542451403607,0.5166336350016699
6,0.1,400,15,uniform,300,0.0012228010583374097,0.00013930622287242184,0.014965942531612958,1.0
6,0.1,400,16,learned_occupancy,300,3.319687243829738e-05,2.718698748037553e-06,0.0002393578160761467,0.15487527449411317
6,0.1,400,16,tis,300,2.617204582054325e-05,2.711031549557869e-06,-0.0002567470980329382,0.12210194764772356
6,0.1,400,16,uniform,300,0.0002143458505350975,1.9017355608856693e-05,-0.0003528653967374706,1.0
6,0.1,400,17,learned_occupancy,300,2.7029554756920727e-06,2.260260565959931e-07,-9.606856918008703e-05,0.023427985185932015
6,0.1,400,17,tis,300,0.00013732034679324754,3.781776384261784e-05,-0.00031134260899513285,1.1902301311772532
6,0.1,400,17,uniform,300,0.00011537293771703157,2.938419477793372e-05,-0.0001216034292312429,1.0
6,0.1,400,18,learned_occupancy,300,2.7435171415865486e-06,2.0516139885787394e-07,9.236153194340643e-05,0.07414643416249521
6,0.1,400,18,tis,300,1.7014498857350905e-06,1.6596205938654848e-07,9.222384776776356e-05,0.045983471370070195
6,0.1,400,18,uniform,300,3.7001336241929164e-05,3.7948707360371174e-06,-0.0008902446251157977,1.0
6,0.1,400,19,learned_occupancy,300,2.2677090780225044e-06,1.891744160940448e-07,0.0001280583947750513,0.06301774072224038
6,0.1,400,19,tis,300,1.693347378308341e-05,4.536091234051608e-06,-0.00047063274294351857,0.4705670893727469
6,0.1,400,19,uniform,300,3.5985248789190226e-05,2.964574499700279e-06,-4.316855595930832e-05,1.0
6,0.1,400,20,learned_occupancy,300,0.0013823541936817637,0.00014293200825129897,-0.001883137074020164,0.11923234588087303
6,0.1,400,20,tis,300,0.0004981012681688771,6.154071230977216e-05,-2.1608133985581145e-05,0.04296278259324713
6,0.1,400,20,uniform,300,0.011593785088007043,0.0016220965854706348,0.025767367379459737,1.0
6,0.1,400,21,learned_occupancy,300,0.00021156912869605562,1.691290597482518e-05,0.00036009818774228374,0.12461064643391717
6,0.1,400,21,tis,300,7.786207313304295e-05,1.039330017327683e-05,-0.0003330941370039235,0.04585944710171841
6,0.1,400,21,uniform,300,0.001697841514755754,0.0001378541054513864,-0.000829095584351595,1.0
6,0.1,400,22,learned_occupancy,300,1.1122350522753903e-06,9.689477898219812e-08,-1.6343483353123598e-05,0.16542173227123227
6,0.1,400,22,tis,300,2.727493605862286e-06,2.9183783937799337e-07,0.000116615269292355,0.40565770348400676
6,0.1,400,22,uniform,300,6.723633207103187e-06,6.579413542068025e-07,7.4867534735763756e-06,1.0
6,0.1,400,23,learned_occupancy,300,4.6323333922407795e-07,3.701556529309999e-08,-6.675540093907066e-08,0.09263456282317019
6,0.1,400,23,tis,300,2.010123854042276e-06,1.047790338439694e-06,-2.9967891296479218e-05,0.40197224308494567
6,0.1,400,23,uniform,300,5.000653375008015e-06,8.440150422062048e-07,-6.920404722665179e-05,1.0
6,0.1,400,24,learned_occupancy,300,3.567386595686911e-05,2.7159332575521557e-06,-0.0003170434965705967,0.2509969662476641
6,0.1,400,24,tis,300,4.9845999983300864e-05,4.260352861185793e-06,-0.0001638185634890362,0.35071037129858823
6,0.1,400,24,uniform,300,0.00014212867386480257,1.096078625723902e-05,1.7193929576625835e-05,1.0
6,0.1,400,25,learned_occupancy,300,2.971237323914075e-06,2.4566250453411576e-07,-3.2273106586047836e-05,0.08461882932411481
6,0.1,400,25,tis,300,2.9170476330007387e-06,5.694625202864015e-07,-0.00021601555741016594,0.08307554357927852
6,0.1,400,25,uniform,300,3.5113193454064096e-05,2.7047939261497073e-06,-0.00025994613524470486,1.0
6,0.1,400,26,learned_occupancy,300,6.901109669837013e-05,5.376415219013636e-06,0.00040953945513199014,0.02775330670045128
6,0.1,400,26,tis,300,0.0026482605758464217,0.0002737635064106785,-0.0008404383915738893,1.0650169538012182
6,0.1,400,26,uniform,300,0.0024865900645002414,0.00023536475743823543,0.0001153119638776238,1.0
6,0.1,400,27,learned_occupancy,300,0.000686640305459774,5.320339115504042e-05,0.0009660941285195346,0.0674878045537274
6,0.1,400,27,tis,300,0.005303267047565424,0.0022071464429872776,0.0010254456304401153,0.5212421221947708
6,0.1,400,27,uniform,300,0.010174287191593794,0.0012643503066022668,0.01984657680614347,1.0
6,0.1,400,28,learned_occupancy,300,7.914929642876193e-05,7.316263537334296e-06,0.0009727190735516955,0.13079263386395637
6,0.1,400,28,tis,300,1.495810566247488e-05,1.153104373548222e-06,-3.6933928064270724e-05,0.02471797129581954
6,0.1,400,28,uniform,300,0.0006051510248741445,4.578291049090663e-05,0.007017201348074954,1.0
6,0.1,400,29,learned_occupancy,300,2.3643405360519423e-07,1.6579480481134902e-07,5.5064093419223366e-05,0.0022476730672970372
6,0.1,400,29,tis,300,0.0001039863405488372,2.714656829739824e-05,0.0030029700789225657,0.9885517481702746
6,0.1,400,29,uniform,300,0.0001051905889006894,3.136567166147955e-05,0.003128922373435014,1.0
6,0.1,400,30,learned_occupancy,300,2.6760416129832922e-06,1.9204618282083178e-07,4.2552234801031356e-05,0.08327863218806643
6,0.1,400,30,tis,300,1.1676418689633781e-05,1.3726734638834227e-06,-7.109226250170705e-05,0.3633710972991313
6,0.1,400,30,uniform,300,3.213359228739543e-05,2.518127577715888e-06,-5.7413202502267776e-05,1.0
6,0.1,400,31,learned_occupancy,300,0.0001380010991355417,1.2851274586473477e-05,0.0022744671079423127,0.10498955610965387
6,0.1,400,31,tis,300,9.99886803651521e-05,1.683116042315414e-05,0.0026117293519630747,0.07607017069637034
6,0.1,400,31,uniform,300,0.00131442692253513,0.00015714422577019682,0.013441409744610977,1.0
6,0.1,400,32,learned_occupancy,300,0.00027730503563426587,2.601612818229489e-05,0.00036630041337066876,0.07864503774478689
6,0.1,400,32,tis,300,0.0019067338132218662,0.00032126297661197006,0.015006834458291148,0.5407588519520038
6,0.1,400,32,uniform,300,0.0035260334737730794,0.0004991808144078115,0.012456438213356853,1.0
6,0.1,400,33,learned_occupancy,300,0.0005485124130030673,3.8185655104711514e-05,-0.00038688285592127116,0.1067095138461653
6,0.1,400,33,tis,300,0.004430499870478521,0.0006195981105206795,-0.005147589671536907,0.8619248645365069
6,0.1,400,33,uniform,300,0.005140239077406111,0.00048215908487678005,-0.0027913930108235696,1.0
6,0.1,400,34,learned_occupancy,300,5.9617352583865325e-05,4.604855551064243e-06,0.00022298596287274967,0.1904274139638366
6,0.1,400,34,tis,300,0.0001402944086953996,2.359750609644451e-05,0.0011613035496447462,0.4481229085754616
6,0.1,400,34,uniform,300,0.0003130712713201422,3.272267862525059e-05,0.0005615156061910613,1.0
6,0.1,400,35,learned_occupancy,300,0.000146234252286013,1.1272476014819385e-05,-0.0003869225340811226,0.1890992991446205
6,0.1,400,35,tis,300,9.503189305399574e-05,6.750690062663605e-06,2.785677245632982e-05,0.12288820226433339
6,0.1,400,35,uniform,300,0.0007733199062476434,6.477738707793646e-05,0.000721006890847673,1.0
6,0.1,400,36,learned_occupancy,300,5.99296167107903e-08,5.923719882130535e-09,4.575024104672328e-06,0.08349043350251201
6,0.1,400,36,tis,300,3.5236568143400135e-06,1.7505364883369646e-06,-0.00012802243015912632,4.908952385980455
6,0.1,400,36,uniform,300,7.178021983678785e-07,2.4099266375867467e-07,-2.8686558414244464e-05,1.0
6,0.1,400,37,learned_occupancy,300,5.035588164111576e-07,4.153826136953432e-08,-4.391832898064329e-05,0.06100090113941594
6,0.1,400,37,tis,300,4.731272597060412e-06,1.7691270016958244e-06,0.0005058887900033917,0.5731443528560073
6,0.1,400,37,uniform,300,8.25494061571791e-06,1.0317461137240767e-06,0.00040872106056411266,1.0
6,0.1,400,38,learned_occupancy,300,5.502401837794665e-07,4.484234391949666e-08,-2.6880394968854342e-05,0.1152236452407588
6,0.1,400,38,tis,300,5.252090638526777e-06,1.0258711980516253e-06,-0.00014949164102527463,1.0998197629791189
6,0.1,400,38,uniform,300,4.775410312959154e-06,4.963725627397187e-07,-9.224293672308833e-05,1.0
6,0.1,400,39,learned_occupancy,300,7.4314323217182225e-06,5.872152512233773e-07,4.708376037802294e-05,0.04396908086013467
6,0.1,400,39,tis,300,0.00031435287780511874,4.387360659039529e-05,-4.5332421758393454e-05,1.859911589645421
6,0.1,400,39,uniform,300,0.00016901495724592366,1.8583075743250513e-05,0.0001197856222588195,1.0
6,0.1,400,40,learned_occupancy,300,3.25799310061043e-06,2.489546116393695e-07,-5.4765485110214865e-05,0.043560424653427354
6,0.1,400,40,tis,300,3.9747825724899864e-05,1.1014029154234328e-05,0.0003142059330057196,0.5314413242012864
6,0.1,400,40,uniform,300,7.479250091181307e-05,7.0539038219753454e-06,0.0010420428500437643,1.0
6,0.1,400,41,learned_occupancy,300,9.550719931487836e-06,7.476105341746607e-07,-0.00048790584745247225,0.06036552329044426
6,0.1,400,41,tis,300,1.261692827177278e-05,2.1591507258701225e-06,-0.0003439732187197153,0.07974555666034656
6,0.1,400,41,uniform,300,0.00015821481221218363,1.2605839807314794e-05,-0.0006457158242315793,1.0
6,0.1,400,42,learned_occupancy,300,3.494525407477871e-05,2.908197348454275e-06,0.00011112710071534573,0.12723624267606648
6,0.1,400,42,tis,300,4.439331485624234e-05,7.83571225381849e-06,-0.00028873655786119603,0.16163678679104426
6,0.1,400,42,uniform,300,0.00027464858549577415,2.2523072483186958e-05,0.0012475642156170403,1.0
6,0.1,400,43,learned_occupancy,300,2.8497787591235867e-09,1.279990887989597e-09,2.6604981180611278e-06,0.0608819948574195
6,0.1,400,43,tis,300,4.375446462503306e-10,6.268282498393403e-11,5.066753467277696e-06,0.009347599640014309
6,0.1,400,43,uniform,300,4.68082356006489e-08,4.64872986518787e-08,-4.5338506648103425e-06,1.0
6,0.1,400,44,learned_occupancy,300,1.1767970640507757e-05,8.779116040862911e-07,-6.226202899405971e-05,0.23847803421964636
6,0.1,400,44,tis,300,1.1111264384364562e-05,1.0082846052956697e-06,0.00011311945823141397,0.22516987584561973
6,0.1,400,44,uniform,300,4.93461407421241e-05,5.734987464312303e-06,0.0004247596367014102,1.0
6,0.1,400,45,learned_occupancy,300,0.00036545414124753285,3.079340181960017e-05,0.00103406046762748,0.15547358909803516
6,0.1,400,45,tis,300,0.00020284968958501958,2.855986242151885e-05,0.0007812782227192668,0.08629747409496137
6,0.1,400,45,uniform,300,0.0023505866389763003,0.00018524961259626136,-0.001551834769187185,1.0
6,0.1,400,46,learned_occupancy,300,1.0293417740473685e-08,1.0206423517579129e-09,-9.21253707581865e-07,0.2689698133526223
6,0.1,400,46,tis,300,8.955373333895032e-09,1.2291682970692725e-09,-1.1057794670199516e-08,0.2340063480227465
6,0.1,400,46,uniform,300,3.826978801884694e-08,7.565854660274897e-09,-1.0638640206273356e-05,1.0
6,0.1,400,47,learned_occupancy,300,0.0005379784300367291,4.742350765691056e-05,0.00030844045221903646,0.1385346110656812
6,0.1,400,47,tis,300,0.003165011232204974,0.0003795225998554467,-0.007709562668346157,0.8150207807441155
6,0.1,400,47,uniform,300,0.003883350347601337,0.0003254605445257419,-0.000983451819076698,1.0
6,0.1,400,48,learned_occupancy,300,2.3491181777426362e-05,2.086630590283213e-06,0.0001220986106092344,0.06773989901117919
6,0.1,400,48,tis,300,2.1332413915879394e-05,1.7175797703889696e-06,0.0006457732566820777,0.06151480917469025
6,0.1,400,48,uniform,300,0.00034678501326890947,3.371650998725694e-05,-0.0001233223725048438,1.0
6,0.1,400,49,learned_occupancy,300,3.3887872691352e-05,2.8820599971451577e-06,-9.107261601595103e-05,0.06260382268116697
6,0.1,400,49,tis,300,0.00029871739801335566,3.5998097079016155e-05,0.0005203330225533135,0.5518449383746667
6,0.1,400,49,uniform,300,0.0005413067643478973,6.894421688291448e-05,0.004929257949941593,1.0
